strategy,partition_id,partition_mode,x_split_km,valid_runs,reach_rate_90,t90_avg_h,t90_std_h,t90_uA_h,reach_rate_95,t95_avg_h,t95_std_h,t95_uA_h,reach_rate_99,t99_avg_h,t99_std_h,t99_uA_h
static_strip,equal_width_153,equal_width,153.0,5,1.000000,14.660000,0.000000,0.000000,1.000000,15.350000,0.000000,0.000000,1.000000,16.160000,0.000000,0.000000
static_strip,figure3_n2,figure3_n2,,5,1.000000,11.400000,0.000000,0.000000,1.000000,12.080000,0.000000,0.000000,1.000000,12.740000,0.000000,0.000000
static_strip,gradient_060,gradient,60.0,5,1.000000,20.580000,0.000000,0.000000,1.000000,21.710000,0.000000,0.000000,1.000000,27.030000,0.000000,0.000000
static_strip,gradient_070,gradient,70.0,5,1.000000,19.930000,0.000000,0.000000,1.000000,21.190000,0.000000,0.000000,1.000000,22.194000,0.005477,0.002449
static_strip,gradient_080,gradient,80.0,5,1.000000,18.940000,0.000000,0.000000,1.000000,20.770000,0.000000,0.000000,1.000000,22.160000,0.000000,0.000000
static_strip,gradient_090,gradient,90.0,5,1.000000,18.250000,0.000000,0.000000,1.000000,25.710000,0.000000,0.000000,1.000000,27.970000,0.000000,0.000000
static_strip,gradient_100,gradient,100.0,5,1.000000,17.560000,0.000000,0.000000,1.000000,18.690000,0.000000,0.000000,1.000000,27.040000,0.000000,0.000000
static_strip,gradient_110,gradient,110.0,5,1.000000,16.920000,0.000000,0.000000,1.000000,18.180000,0.000000,0.000000,1.000000,19.190000,0.000000,0.000000
static_strip,gradient_120,gradient,120.0,5,1.000000,15.920000,0.000000,0.000000,1.000000,17.750000,0.000000,0.000000,1.000000,19.140000,0.000000,0.000000
static_strip,gradient_130,gradient,130.0,5,1.000000,15.320000,0.000000,0.000000,1.000000,25.710000,0.000000,0.000000,1.000000,27.976000,0.005477,0.002449
static_strip,gradient_140,gradient,140.0,5,1.000000,14.920000,0.000000,0.000000,1.000000,15.690000,0.000000,0.000000,1.000000,27.040000,0.000000,0.000000
static_strip,gradient_150,gradient,150.0,5,1.000000,14.690000,0.000000,0.000000,1.000000,15.380000,0.000000,0.000000,1.000000,16.170000,0.000000,0.000000
static_strip,gradient_160,gradient,160.0,5,1.000000,14.600000,0.000000,0.000000,1.000000,15.290000,0.000000,0.000000,1.000000,16.130000,0.000000,0.000000
static_strip,gradient_170,gradient,170.0,5,1.000000,15.300000,0.000000,0.000000,1.000000,25.710000,0.000000,0.000000,1.000000,27.970000,0.000000,0.000000
static_strip,gradient_180,gradient,180.0,5,1.000000,15.300000,0.000000,0.000000,1.000000,17.500000,0.000000,0.000000,1.000000,27.038000,0.004472,0.002000
static_strip,gradient_190,gradient,190.0,5,1.000000,15.600000,0.000000,0.000000,1.000000,17.360000,0.000000,0.000000,1.000000,18.570000,0.000000,0.000000
static_strip,gradient_200,gradient,200.0,5,1.000000,16.610000,0.000000,0.000000,1.000000,17.740000,0.000000,0.000000,1.000000,18.650000,0.000000,0.000000
static_strip,gradient_210,gradient,210.0,5,1.000000,16.170000,0.000000,0.000000,1.000000,25.710000,0.000000,0.000000,1.000000,27.970000,0.000000,0.000000
static_strip,gradient_220,gradient,220.0,5,1.000000,16.200000,0.000000,0.000000,1.000000,17.500000,0.000000,0.000000,1.000000,27.030000,0.000000,0.000000
static_strip,gradient_230,gradient,230.0,5,1.000000,16.378000,0.004472,0.002000,1.000000,17.360000,0.000000,0.000000,1.000000,18.570000,0.000000,0.000000
static_strip,gradient_240,gradient,240.0,5,1.000000,16.778000,0.004472,0.002000,1.000000,17.740000,0.000000,0.000000,1.000000,18.650000,0.000000,0.000000
strip_markov,equal_width_153,equal_width,153.0,5,1.000000,14.960000,0.000000,0.000000,1.000000,15.754000,0.005477,0.002449,1.000000,29.298000,0.021679,0.009695
strip_markov,figure3_n2,figure3_n2,,5,1.000000,11.710000,0.000000,0.000000,1.000000,12.450000,0.000000,0.000000,1.000000,26.686000,0.021909,0.009798
strip_markov,gradient_060,gradient,60.0,5,1.000000,20.726000,0.005477,0.002449,1.000000,21.876000,0.005477,0.002449,1.000000,27.674000,0.005477,0.002449
strip_markov,gradient_070,gradient,70.0,5,1.000000,20.100000,0.000000,0.000000,1.000000,21.360000,0.000000,0.000000,1.000000,22.400000,0.000000,0.000000
strip_markov,gradient_080,gradient,80.0,5,1.000000,19.170000,0.000000,0.000000,1.000000,21.070000,0.000000,0.000000,1.000000,22.956000,0.019494,0.008718
strip_markov,gradient_090,gradient,90.0,5,1.000000,18.610000,0.000000,0.000000,1.000000,26.194000,0.005477,0.002449,1.000000,28.494000,0.005477,0.002449
strip_markov,gradient_100,gradient,100.0,5,1.000000,17.920000,0.000000,0.000000,1.000000,19.058000,0.004472,0.002000,1.000000,28.330000,0.007071,0.003162
strip_markov,gradient_110,gradient,110.0,5,1.000000,17.320000,0.000000,0.000000,1.000000,18.574000,0.005477,0.002449,1.000000,22.048000,0.013038,0.005831
strip_markov,gradient_120,gradient,120.0,5,1.000000,16.596000,0.011402,0.005099,1.000000,18.384000,0.005477,0.002449,1.000000,30.320000,0.053852,0.024083
strip_markov,gradient_130,gradient,130.0,5,1.000000,15.752000,0.004472,0.002000,1.000000,26.378000,0.004472,0.002000,1.000000,28.634000,0.008944,0.004000
strip_markov,gradient_140,gradient,140.0,5,1.000000,15.250000,0.000000,0.000000,1.000000,16.230000,0.000000,0.000000,1.000000,28.620000,0.014142,0.006325
strip_markov,gradient_150,gradient,150.0,5,1.000000,14.980000,0.000000,0.000000,1.000000,15.774000,0.005477,0.002449,1.000000,28.986000,0.020736,0.009274
strip_markov,gradient_160,gradient,160.0,5,1.000000,14.960000,0.000000,0.000000,1.000000,15.830000,0.000000,0.000000,1.000000,30.606000,0.019494,0.008718
strip_markov,gradient_170,gradient,170.0,5,1.000000,15.938000,0.017889,0.008000,1.000000,26.130000,0.000000,0.000000,1.000000,28.300000,0.000000,0.000000
strip_markov,gradient_180,gradient,180.0,5,1.000000,15.832000,0.004472,0.002000,1.000000,18.284000,0.005477,0.002449,1.000000,27.938000,0.004472,0.002000
strip_markov,gradient_190,gradient,190.0,5,1.000000,16.342000,0.004472,0.002000,1.000000,17.890000,0.000000,0.000000,1.000000,25.508000,0.010954,0.004899
strip_markov,gradient_200,gradient,200.0,5,1.000000,17.060000,0.000000,0.000000,1.000000,18.220000,0.000000,0.000000,1.000000,28.338000,0.021679,0.009695
strip_markov,gradient_210,gradient,210.0,5,1.000000,16.328000,0.004472,0.002000,1.000000,25.920000,0.000000,0.000000,1.000000,28.170000,0.000000,0.000000
strip_markov,gradient_220,gradient,220.0,5,1.000000,16.350000,0.000000,0.000000,1.000000,18.310000,0.000000,0.000000,1.000000,27.594000,0.005477,0.002449
strip_markov,gradient_230,gradient,230.0,5,1.000000,16.580000,0.000000,0.000000,1.000000,17.900000,0.000000,0.000000,1.000000,23.326000,0.011402,0.005099
strip_markov,gradient_240,gradient,240.0,5,1.000000,17.000000,0.000000,0.000000,1.000000,18.210000,0.000000,0.000000,1.000000,25.680000,0.018708,0.008367
strip_markov_dynamic,equal_width_153,equal_width,153.0,5,1.000000,16.002000,0.996855,0.445807,1.000000,18.262000,2.232145,0.998245,1.000000,22.992000,1.445327,0.646370
strip_markov_dynamic,figure3_n2,figure3_n2,,5,1.000000,13.126000,1.363022,0.609562,1.000000,15.316000,1.926845,0.861711,1.000000,19.488000,1.947786,0.871076
strip_markov_dynamic,gradient_060,gradient,60.0,5,1.000000,23.326000,1.197259,0.535431,1.000000,26.284000,1.926390,0.861508,1.000000,31.886000,1.714156,0.766594
strip_markov_dynamic,gradient_070,gradient,70.0,5,1.000000,21.900000,0.486724,0.217669,1.000000,24.210000,1.254970,0.561240,1.000000,32.002000,1.583641,0.708226
strip_markov_dynamic,gradient_080,gradient,80.0,5,1.000000,21.394000,1.034132,0.462478,1.000000,25.002000,1.257128,0.562205,1.000000,30.480000,0.866401,0.387466
strip_markov_dynamic,gradient_090,gradient,90.0,5,1.000000,20.240000,0.817435,0.365568,1.000000,23.856000,1.442872,0.645272,1.000000,28.326000,1.493529,0.667927
strip_markov_dynamic,gradient_100,gradient,100.0,5,1.000000,19.038000,0.410207,0.183450,1.000000,22.460000,0.840030,0.375673,1.000000,27.090000,2.148104,0.960661
strip_markov_dynamic,gradient_110,gradient,110.0,5,1.000000,17.964000,0.490744,0.219468,1.000000,21.114000,0.266327,0.119105,1.000000,25.226000,1.982859,0.886762
strip_markov_dynamic,gradient_120,gradient,120.0,5,1.000000,17.008000,0.620258,0.277388,1.000000,19.624000,0.195141,0.087270,1.000000,23.868000,1.307830,0.584879
strip_markov_dynamic,gradient_130,gradient,130.0,5,1.000000,16.218000,0.602345,0.269377,1.000000,18.906000,1.138060,0.508956,1.000000,24.378000,2.730178,1.220973
strip_markov_dynamic,gradient_140,gradient,140.0,5,1.000000,15.678000,0.238893,0.106836,1.000000,17.854000,0.995856,0.445361,1.000000,22.450000,0.504926,0.225810
strip_markov_dynamic,gradient_150,gradient,150.0,5,1.000000,16.464000,1.148098,0.513445,1.000000,19.330000,1.148760,0.513741,1.000000,22.548000,0.472620,0.211362
strip_markov_dynamic,gradient_160,gradient,160.0,5,1.000000,16.406000,0.920288,0.411565,1.000000,18.920000,1.685334,0.753704,1.000000,23.002000,1.022922,0.457465
strip_markov_dynamic,gradient_170,gradient,170.0,5,1.000000,15.556000,0.200823,0.089811,1.000000,18.304000,0.690818,0.308943,1.000000,22.612000,2.070186,0.925815
strip_markov_dynamic,gradient_180,gradient,180.0,5,1.000000,16.218000,0.678764,0.303552,1.000000,18.632000,0.440931,0.197190,1.000000,22.042000,0.511635,0.228810
strip_markov_dynamic,gradient_190,gradient,190.0,5,1.000000,17.166000,0.463390,0.207234,1.000000,19.162000,0.471349,0.210794,1.000000,22.464000,0.775422,0.346779
strip_markov_dynamic,gradient_200,gradient,200.0,5,1.000000,19.012000,0.878447,0.392854,1.000000,21.204000,0.715003,0.319759,1.000000,25.288000,0.976099,0.436525
strip_markov_dynamic,gradient_210,gradient,210.0,5,1.000000,20.400000,1.543130,0.690109,1.000000,23.206000,2.445318,1.093579,1.000000,27.616000,2.120408,0.948275
strip_markov_dynamic,gradient_220,gradient,220.0,5,1.000000,19.928000,1.277525,0.571327,1.000000,23.318000,1.333687,0.596443,1.000000,28.424000,1.807520,0.808348
strip_markov_dynamic,gradient_230,gradient,230.0,5,1.000000,20.624000,1.607523,0.718906,1.000000,23.462000,2.063303,0.922737,1.000000,28.730000,1.697778,0.759269
strip_markov_dynamic,gradient_240,gradient,240.0,5,1.000000,21.592000,0.732236,0.327466,1.000000,24.862000,1.141565,0.510523,1.000000,28.836000,1.518875,0.679261
