run_dir,strategy,partition_id,partition_mode,x_split_km,repeat_id,t90_h,t95_h,t99_h,run_end_h
20260405_160910_60498_3879,static_strip,figure3_n2,figure3_n2,,1,11.400000,12.080000,12.740000,13.010000
20260405_160918_60590_7399,static_strip,figure3_n2,figure3_n2,,2,11.400000,12.080000,12.740000,13.010000
20260405_160926_60674_4380,static_strip,figure3_n2,figure3_n2,,3,11.400000,12.080000,12.740000,13.010000
20260405_160934_60777_3724,static_strip,figure3_n2,figure3_n2,,4,11.400000,12.080000,12.740000,13.010000
20260405_160941_60849_4808,static_strip,figure3_n2,figure3_n2,,5,11.400000,12.080000,12.740000,13.010000
20260405_160949_60921_3174,strip_markov,figure3_n2,figure3_n2,,1,11.710000,12.450000,26.680000,34.450000
20260405_160958_61015_2029,strip_markov,figure3_n2,figure3_n2,,2,11.710000,12.450000,26.720000,34.480000
20260405_161006_61163_8357,strip_markov,figure3_n2,figure3_n2,,3,11.710000,12.450000,26.680000,34.500000
20260405_161015_61234_6921,strip_markov,figure3_n2,figure3_n2,,4,11.710000,12.450000,26.690000,34.510000
20260405_161024_61316_9477,strip_markov,figure3_n2,figure3_n2,,5,11.710000,12.450000,26.660000,34.470000
20260405_161032_61387_3471,strip_markov_dynamic,figure3_n2,figure3_n2,,1,12.480000,14.690000,18.360000,22.820000
20260405_161041_61474_6576,strip_markov_dynamic,figure3_n2,figure3_n2,,2,13.050000,15.360000,19.640000,26.710000
20260405_161049_61566_3683,strip_markov_dynamic,figure3_n2,figure3_n2,,3,15.480000,18.300000,22.580000,25.880000
20260405_161058_61636_4040,strip_markov_dynamic,figure3_n2,figure3_n2,,4,12.050000,12.960000,17.410000,25.680000
20260405_161107_61778_3651,strip_markov_dynamic,figure3_n2,figure3_n2,,5,12.570000,15.270000,19.450000,25.340000
20260405_161115_61862_8923,static_strip,equal_width_153,equal_width,153.0,1,14.660000,15.350000,16.160000,16.410000
20260405_161124_61947_2399,static_strip,equal_width_153,equal_width,153.0,2,14.660000,15.350000,16.160000,16.410000
20260405_161133_62018_6118,static_strip,equal_width_153,equal_width,153.0,3,14.660000,15.350000,16.160000,16.410000
20260405_161143_62089_6448,static_strip,equal_width_153,equal_width,153.0,4,14.660000,15.350000,16.160000,16.410000
20260405_161152_62173_6997,static_strip,equal_width_153,equal_width,153.0,5,14.660000,15.350000,16.160000,16.410000
20260405_161201_62247_3599,strip_markov,equal_width_153,equal_width,153.0,1,14.960000,15.760000,29.310000,37.470000
20260405_161211_62403_4458,strip_markov,equal_width_153,equal_width,153.0,2,14.960000,15.750000,29.280000,37.460000
20260405_161221_62485_7294,strip_markov,equal_width_153,equal_width,153.0,3,14.960000,15.750000,29.310000,37.470000
20260405_161231_62556_3691,strip_markov,equal_width_153,equal_width,153.0,4,14.960000,15.760000,29.320000,37.490000
20260405_161241_62641_2119,strip_markov,equal_width_153,equal_width,153.0,5,14.960000,15.750000,29.270000,37.440000
20260405_161252_62726_2612,strip_markov_dynamic,equal_width_153,equal_width,153.0,1,15.270000,16.310000,22.320000,30.600000
20260405_161302_62863_7440,strip_markov_dynamic,equal_width_153,equal_width,153.0,2,17.690000,21.720000,25.460000,29.480000
20260405_161312_62937_3597,strip_markov_dynamic,equal_width_153,equal_width,153.0,3,16.010000,18.840000,23.030000,31.980000
20260405_161322_63020_7185,strip_markov_dynamic,equal_width_153,equal_width,153.0,4,15.270000,16.310000,22.330000,30.540000
20260405_161332_63092_7751,strip_markov_dynamic,equal_width_153,equal_width,153.0,5,15.770000,18.130000,21.820000,27.810000
20260405_161342_63177_9005,static_strip,gradient_060,gradient,60.0,1,20.580000,21.710000,27.030000,28.390000
20260405_161353_63259_1634,static_strip,gradient_060,gradient,60.0,2,20.580000,21.710000,27.030000,28.390000
20260405_161404_63397_5183,static_strip,gradient_060,gradient,60.0,3,20.580000,21.710000,27.030000,28.390000
20260405_161414_63481_1382,static_strip,gradient_060,gradient,60.0,4,20.580000,21.710000,27.030000,28.390000
20260405_161425_63566_2682,static_strip,gradient_060,gradient,60.0,5,20.580000,21.710000,27.030000,28.390000
20260405_161436_63635_5677,strip_markov,gradient_060,gradient,60.0,1,20.730000,21.880000,27.670000,41.490000
20260405_161448_63723_7754,strip_markov,gradient_060,gradient,60.0,2,20.720000,21.870000,27.670000,41.490000
20260405_161500_63811_3150,strip_markov,gradient_060,gradient,60.0,3,20.730000,21.880000,27.680000,41.490000
20260405_161511_63963_9825,strip_markov,gradient_060,gradient,60.0,4,20.720000,21.870000,27.670000,41.500000
20260405_161523_64048_9417,strip_markov,gradient_060,gradient,60.0,5,20.730000,21.880000,27.680000,41.500000
20260405_161535_64218_3040,strip_markov_dynamic,gradient_060,gradient,60.0,1,23.350000,27.950000,33.680000,41.630000
20260405_161547_64311_5115,strip_markov_dynamic,gradient_060,gradient,60.0,2,22.030000,23.390000,33.730000,44.550000
20260405_161559_64400_1077,strip_markov_dynamic,gradient_060,gradient,60.0,3,22.500000,25.810000,31.330000,41.360000
20260405_161611_64548_9049,strip_markov_dynamic,gradient_060,gradient,60.0,4,23.610000,26.130000,30.150000,41.940000
20260405_161623_64708_6164,strip_markov_dynamic,gradient_060,gradient,60.0,5,25.140000,28.140000,30.540000,42.690000
20260405_161635_64781_3496,static_strip,gradient_070,gradient,70.0,1,19.930000,21.190000,22.190000,22.420000
20260405_161646_64877_6144,static_strip,gradient_070,gradient,70.0,2,19.930000,21.190000,22.190000,22.420000
20260405_161656_64963_1828,static_strip,gradient_070,gradient,70.0,3,19.930000,21.190000,22.190000,22.420000
20260405_161707_65108_2739,static_strip,gradient_070,gradient,70.0,4,19.930000,21.190000,22.200000,22.420000
20260405_161717_65198_4486,static_strip,gradient_070,gradient,70.0,5,19.930000,21.190000,22.200000,22.420000
20260405_161727_65281_5748,strip_markov,gradient_070,gradient,70.0,1,20.100000,21.360000,22.400000,42.510000
20260405_161739_65358_8355,strip_markov,gradient_070,gradient,70.0,2,20.100000,21.360000,22.400000,42.540000
20260405_161750_65435_9132,strip_markov,gradient_070,gradient,70.0,3,20.100000,21.360000,22.400000,42.560000
20260405_161801_65520_9607,strip_markov,gradient_070,gradient,70.0,4,20.100000,21.360000,22.400000,42.530000
20260405_161812_65673_1569,strip_markov,gradient_070,gradient,70.0,5,20.100000,21.360000,22.400000,42.540000
20260405_161823_65767_1124,strip_markov_dynamic,gradient_070,gradient,70.0,1,22.770000,25.810000,29.550000,41.260000
20260405_161835_65842_1486,strip_markov_dynamic,gradient_070,gradient,70.0,2,21.660000,23.560000,33.160000,41.490000
20260405_161847_65933_6501,strip_markov_dynamic,gradient_070,gradient,70.0,3,21.690000,25.310000,33.260000,39.800000
20260405_161858_66017_6688,strip_markov_dynamic,gradient_070,gradient,70.0,4,21.710000,23.240000,32.760000,42.780000
20260405_161910_66152_8704,strip_markov_dynamic,gradient_070,gradient,70.0,5,21.670000,23.130000,31.280000,39.860000
20260405_161921_66247_8981,static_strip,gradient_080,gradient,80.0,1,18.940000,20.770000,22.160000,22.480000
20260405_161931_66318_1387,static_strip,gradient_080,gradient,80.0,2,18.940000,20.770000,22.160000,22.480000
20260405_161941_66389_2451,static_strip,gradient_080,gradient,80.0,3,18.940000,20.770000,22.160000,22.480000
20260405_161951_66475_1758,static_strip,gradient_080,gradient,80.0,4,18.940000,20.770000,22.160000,22.480000
20260405_162001_66566_2585,static_strip,gradient_080,gradient,80.0,5,18.940000,20.770000,22.160000,22.480000
20260405_162011_66704_5854,strip_markov,gradient_080,gradient,80.0,1,19.170000,21.070000,22.970000,43.680000
20260405_162022_66786_6076,strip_markov,gradient_080,gradient,80.0,2,19.170000,21.070000,22.950000,43.680000
20260405_162033_66859_1715,strip_markov,gradient_080,gradient,80.0,3,19.170000,21.070000,22.950000,43.670000
20260405_162045_66946_7396,strip_markov,gradient_080,gradient,80.0,4,19.170000,21.070000,22.930000,43.680000
20260405_162056_67033_9549,strip_markov,gradient_080,gradient,80.0,5,19.170000,21.070000,22.980000,43.670000
20260405_162107_67183_1304,strip_markov_dynamic,gradient_080,gradient,80.0,1,22.110000,25.360000,30.320000,41.610000
20260405_162118_67261_4205,strip_markov_dynamic,gradient_080,gradient,80.0,2,21.920000,25.900000,30.060000,39.070000
20260405_162129_67343_9209,strip_markov_dynamic,gradient_080,gradient,80.0,3,21.870000,26.230000,29.940000,39.550000
20260405_162141_67416_3981,strip_markov_dynamic,gradient_080,gradient,80.0,4,19.590000,23.130000,32.010000,37.940000
20260405_162152_67517_3671,strip_markov_dynamic,gradient_080,gradient,80.0,5,21.480000,24.390000,30.070000,40.130000
20260405_162203_67662_3293,static_strip,gradient_090,gradient,90.0,1,18.250000,25.710000,27.970000,28.480000
20260405_162213_67745_1296,static_strip,gradient_090,gradient,90.0,2,18.250000,25.710000,27.970000,28.480000
20260405_162223_67831_3009,static_strip,gradient_090,gradient,90.0,3,18.250000,25.710000,27.970000,28.480000
20260405_162233_67904_1850,static_strip,gradient_090,gradient,90.0,4,18.250000,25.710000,27.970000,28.480000
20260405_162244_67978_8460,static_strip,gradient_090,gradient,90.0,5,18.250000,25.710000,27.970000,28.480000
20260405_162254_68065_6564,strip_markov,gradient_090,gradient,90.0,1,18.610000,26.190000,28.490000,37.820000
20260405_162305_68204_6826,strip_markov,gradient_090,gradient,90.0,2,18.610000,26.190000,28.490000,37.800000
20260405_162315_68286_3678,strip_markov,gradient_090,gradient,90.0,3,18.610000,26.190000,28.490000,37.820000
20260405_162326_68375_5692,strip_markov,gradient_090,gradient,90.0,4,18.610000,26.200000,28.500000,37.820000
20260405_162337_68455_6317,strip_markov,gradient_090,gradient,90.0,5,18.610000,26.200000,28.500000,37.810000
20260405_162348_68526_4331,strip_markov_dynamic,gradient_090,gradient,90.0,1,19.670000,22.860000,29.150000,36.240000
20260405_162359_68616_2715,strip_markov_dynamic,gradient_090,gradient,90.0,2,19.380000,22.040000,25.770000,39.200000
20260405_162410_68766_5762,strip_markov_dynamic,gradient_090,gradient,90.0,3,19.950000,23.900000,28.520000,37.240000
20260405_162421_68850_7826,strip_markov_dynamic,gradient_090,gradient,90.0,4,21.250000,25.560000,29.590000,39.070000
20260405_162432_68922_9990,strip_markov_dynamic,gradient_090,gradient,90.0,5,20.950000,24.920000,28.600000,35.680000
20260405_162442_69039_6102,static_strip,gradient_100,gradient,100.0,1,17.560000,18.690000,27.040000,28.390000
20260405_162452_69129_5441,static_strip,gradient_100,gradient,100.0,2,17.560000,18.690000,27.040000,28.390000
20260405_162502_69267_6041,static_strip,gradient_100,gradient,100.0,3,17.560000,18.690000,27.040000,28.390000
20260405_162512_69353_6752,static_strip,gradient_100,gradient,100.0,4,17.560000,18.690000,27.040000,28.390000
20260405_162522_69449_5795,static_strip,gradient_100,gradient,100.0,5,17.560000,18.690000,27.040000,28.390000
20260405_162532_69523_7433,strip_markov,gradient_100,gradient,100.0,1,17.920000,19.060000,28.340000,38.020000
20260405_162542_69595_3108,strip_markov,gradient_100,gradient,100.0,2,17.920000,19.060000,28.330000,38.010000
20260405_162553_69679_1485,strip_markov,gradient_100,gradient,100.0,3,17.920000,19.060000,28.330000,38.030000
20260405_162603_69816_3842,strip_markov,gradient_100,gradient,100.0,4,17.920000,19.050000,28.320000,38.020000
20260405_162614_69893_6970,strip_markov,gradient_100,gradient,100.0,5,17.920000,19.060000,28.330000,38.020000
20260405_162624_69981_9723,strip_markov_dynamic,gradient_100,gradient,100.0,1,19.210000,23.060000,28.660000,35.350000
20260405_162635_70060_9503,strip_markov_dynamic,gradient_100,gradient,100.0,2,19.210000,23.060000,28.660000,35.440000
20260405_162646_70132_3540,strip_markov_dynamic,gradient_100,gradient,100.0,3,19.440000,21.900000,24.430000,33.440000
20260405_162656_70214_7482,strip_markov_dynamic,gradient_100,gradient,100.0,4,18.370000,21.250000,25.070000,32.130000
20260405_162707_70352_6537,strip_markov_dynamic,gradient_100,gradient,100.0,5,18.960000,23.030000,28.630000,35.270000
20260405_162718_70435_1749,static_strip,gradient_110,gradient,110.0,1,16.920000,18.180000,19.190000,19.410000
20260405_162727_70523_4175,static_strip,gradient_110,gradient,110.0,2,16.920000,18.180000,19.190000,19.410000
20260405_162736_70595_7797,static_strip,gradient_110,gradient,110.0,3,16.920000,18.180000,19.190000,19.410000
20260405_162746_70683_9286,static_strip,gradient_110,gradient,110.0,4,16.920000,18.180000,19.190000,19.410000
20260405_162755_70773_3986,static_strip,gradient_110,gradient,110.0,5,16.920000,18.180000,19.190000,19.410000
20260405_162805_70909_9992,strip_markov,gradient_110,gradient,110.0,1,17.320000,18.570000,22.030000,40.550000
20260405_162815_70985_6203,strip_markov,gradient_110,gradient,110.0,2,17.320000,18.570000,22.040000,40.520000
20260405_162825_71070_2905,strip_markov,gradient_110,gradient,110.0,3,17.320000,18.580000,22.060000,40.530000
20260405_162836_71142_5224,strip_markov,gradient_110,gradient,110.0,4,17.320000,18.570000,22.060000,40.560000
20260405_162846_71213_2310,strip_markov,gradient_110,gradient,110.0,5,17.320000,18.580000,22.050000,40.540000
20260405_162857_71319_5563,strip_markov_dynamic,gradient_110,gradient,110.0,1,18.630000,21.010000,23.360000,31.090000
20260405_162907_71457_4814,strip_markov_dynamic,gradient_110,gradient,110.0,2,17.620000,20.900000,24.940000,33.190000
20260405_162917_71527_7359,strip_markov_dynamic,gradient_110,gradient,110.0,3,17.640000,21.150000,26.930000,32.680000
20260405_162928_71628_1076,strip_markov_dynamic,gradient_110,gradient,110.0,4,17.580000,21.560000,27.590000,31.560000
20260405_162938_71703_8514,strip_markov_dynamic,gradient_110,gradient,110.0,5,18.350000,20.950000,23.310000,32.930000
20260405_162949_71776_4771,static_strip,gradient_120,gradient,120.0,1,15.920000,17.750000,19.140000,19.460000
20260405_162958_71871_5648,static_strip,gradient_120,gradient,120.0,2,15.920000,17.750000,19.140000,19.460000
20260405_163007_72029_2411,static_strip,gradient_120,gradient,120.0,3,15.920000,17.750000,19.140000,19.460000
20260405_163016_72102_9795,static_strip,gradient_120,gradient,120.0,4,15.920000,17.750000,19.140000,19.460000
20260405_163026_72187_1862,static_strip,gradient_120,gradient,120.0,5,15.920000,17.750000,19.140000,19.460000
20260405_163035_72263_2654,strip_markov,gradient_120,gradient,120.0,1,16.610000,18.390000,30.350000,41.690000
20260405_163045_72350_7940,strip_markov,gradient_120,gradient,120.0,2,16.580000,18.380000,30.350000,41.690000
20260405_163056_72438_7803,strip_markov,gradient_120,gradient,120.0,3,16.600000,18.380000,30.370000,41.710000
20260405_163106_72574_1547,strip_markov,gradient_120,gradient,120.0,4,16.590000,18.380000,30.240000,41.680000
20260405_163117_72657_7572,strip_markov,gradient_120,gradient,120.0,5,16.600000,18.390000,30.290000,41.680000
20260405_163127_72739_1789,strip_markov_dynamic,gradient_120,gradient,120.0,1,16.630000,19.820000,25.430000,29.710000
20260405_163137_72812_1477,strip_markov_dynamic,gradient_120,gradient,120.0,2,17.430000,19.330000,22.790000,32.650000
20260405_163147_72890_8695,strip_markov_dynamic,gradient_120,gradient,120.0,3,16.470000,19.530000,25.140000,29.570000
20260405_163157_72972_2216,strip_markov_dynamic,gradient_120,gradient,120.0,4,16.620000,19.710000,23.190000,31.150000
20260405_163208_73115_6268,strip_markov_dynamic,gradient_120,gradient,120.0,5,17.890000,19.730000,22.790000,29.310000
20260405_163218_73197_4519,static_strip,gradient_130,gradient,130.0,1,15.320000,25.710000,27.970000,28.480000
20260405_163227_73282_9050,static_strip,gradient_130,gradient,130.0,2,15.320000,25.710000,27.980000,28.480000
20260405_163237_73355_1709,static_strip,gradient_130,gradient,130.0,3,15.320000,25.710000,27.980000,28.480000
20260405_163246_73444_6034,static_strip,gradient_130,gradient,130.0,4,15.320000,25.710000,27.980000,28.480000
20260405_163256_73529_7491,static_strip,gradient_130,gradient,130.0,5,15.320000,25.710000,27.970000,28.480000
20260405_163306_73676_1431,strip_markov,gradient_130,gradient,130.0,1,15.750000,26.380000,28.630000,35.490000
20260405_163316_73750_9706,strip_markov,gradient_130,gradient,130.0,2,15.750000,26.380000,28.620000,35.480000
20260405_163326_73835_8871,strip_markov,gradient_130,gradient,130.0,3,15.760000,26.380000,28.640000,35.500000
20260405_163336_73913_1585,strip_markov,gradient_130,gradient,130.0,4,15.750000,26.370000,28.640000,35.500000
20260405_163347_74002_3042,strip_markov,gradient_130,gradient,130.0,5,15.750000,26.380000,28.640000,35.500000
20260405_163357_74095_8286,strip_markov_dynamic,gradient_130,gradient,130.0,1,15.780000,17.840000,24.070000,29.590000
20260405_163407_74238_2377,strip_markov_dynamic,gradient_130,gradient,130.0,2,17.140000,20.530000,22.860000,29.570000
20260405_163417_74316_2059,strip_markov_dynamic,gradient_130,gradient,130.0,3,16.500000,19.380000,22.730000,28.880000
20260405_163427_74400_2446,strip_markov_dynamic,gradient_130,gradient,130.0,4,15.970000,18.960000,23.060000,29.300000
20260405_163437_74493_7981,strip_markov_dynamic,gradient_130,gradient,130.0,5,15.700000,17.820000,29.170000,35.480000
20260405_163447_74571_5051,static_strip,gradient_140,gradient,140.0,1,14.920000,15.690000,27.040000,28.400000
20260405_163457_74653_3850,static_strip,gradient_140,gradient,140.0,2,14.920000,15.690000,27.040000,28.390000
20260405_163506_74798_7157,static_strip,gradient_140,gradient,140.0,3,14.920000,15.690000,27.040000,28.400000
20260405_163516_74888_9519,static_strip,gradient_140,gradient,140.0,4,14.920000,15.690000,27.040000,28.400000
20260405_163525_74975_5988,static_strip,gradient_140,gradient,140.0,5,14.920000,15.690000,27.040000,28.400000
20260405_163535_75049_9402,strip_markov,gradient_140,gradient,140.0,1,15.250000,16.230000,28.620000,35.470000
20260405_163545_75140_1746,strip_markov,gradient_140,gradient,140.0,2,15.250000,16.230000,28.640000,35.470000
20260405_163555_75227_4136,strip_markov,gradient_140,gradient,140.0,3,15.250000,16.230000,28.620000,35.470000
20260405_163605_75383_8777,strip_markov,gradient_140,gradient,140.0,4,15.250000,16.230000,28.620000,35.470000
20260405_163615_75459_6010,strip_markov,gradient_140,gradient,140.0,5,15.250000,16.230000,28.600000,35.470000
20260405_163625_75542_8148,strip_markov_dynamic,gradient_140,gradient,140.0,1,15.540000,18.030000,22.520000,29.270000
20260405_163635_75613_3281,strip_markov_dynamic,gradient_140,gradient,140.0,2,16.090000,19.510000,22.880000,29.620000
20260405_163645_75711_9830,strip_markov_dynamic,gradient_140,gradient,140.0,3,15.590000,17.360000,22.950000,29.200000
20260405_163655_75797_8396,strip_markov_dynamic,gradient_140,gradient,140.0,4,15.500000,17.020000,22.150000,26.340000
20260405_163705_75935_2470,strip_markov_dynamic,gradient_140,gradient,140.0,5,15.670000,17.350000,21.750000,29.460000
20260405_163714_76026_8552,static_strip,gradient_150,gradient,150.0,1,14.690000,15.380000,16.170000,16.390000
20260405_163724_76110_8487,static_strip,gradient_150,gradient,150.0,2,14.690000,15.380000,16.170000,16.390000
20260405_163733_76189_9245,static_strip,gradient_150,gradient,150.0,3,14.690000,15.380000,16.170000,16.390000
20260405_163742_76262_3712,static_strip,gradient_150,gradient,150.0,4,14.690000,15.380000,16.170000,16.390000
20260405_163751_76338_7044,static_strip,gradient_150,gradient,150.0,5,14.690000,15.380000,16.170000,16.390000
20260405_163800_76425_6399,strip_markov,gradient_150,gradient,150.0,1,14.980000,15.770000,28.990000,36.820000
20260405_163810_76563_9464,strip_markov,gradient_150,gradient,150.0,2,14.980000,15.770000,28.980000,36.870000
20260405_163820_76655_6689,strip_markov,gradient_150,gradient,150.0,3,14.980000,15.780000,29.020000,36.850000
20260405_163830_76737_8519,strip_markov,gradient_150,gradient,150.0,4,14.980000,15.780000,28.970000,36.850000
20260405_163840_76825_3928,strip_markov,gradient_150,gradient,150.0,5,14.980000,15.770000,28.970000,36.860000
20260405_163850_76918_2053,strip_markov_dynamic,gradient_150,gradient,150.0,1,18.090000,20.570000,22.850000,28.280000
20260405_163900_77011_8624,strip_markov_dynamic,gradient_150,gradient,150.0,2,15.720000,19.410000,22.710000,27.140000
20260405_163910_77152_9316,strip_markov_dynamic,gradient_150,gradient,150.0,3,15.640000,18.840000,22.840000,30.220000
20260405_163920_77228_9587,strip_markov_dynamic,gradient_150,gradient,150.0,4,17.270000,20.170000,22.620000,27.700000
20260405_163930_77319_1223,strip_markov_dynamic,gradient_150,gradient,150.0,5,15.600000,17.660000,21.720000,27.790000
20260405_163940_77403_4393,static_strip,gradient_160,gradient,160.0,1,14.600000,15.290000,16.130000,16.450000
20260405_163949_77478_7410,static_strip,gradient_160,gradient,160.0,2,14.600000,15.290000,16.130000,16.450000
20260405_163958_77560_8600,static_strip,gradient_160,gradient,160.0,3,14.600000,15.290000,16.130000,16.450000
20260405_164007_77715_3038,static_strip,gradient_160,gradient,160.0,4,14.600000,15.290000,16.130000,16.450000
20260405_164016_77801_6343,static_strip,gradient_160,gradient,160.0,5,14.600000,15.290000,16.130000,16.450000
20260405_164025_77884_5572,strip_markov,gradient_160,gradient,160.0,1,14.960000,15.830000,30.620000,38.260000
20260405_164035_77957_9024,strip_markov,gradient_160,gradient,160.0,2,14.960000,15.830000,30.620000,38.260000
20260405_164046_78041_1425,strip_markov,gradient_160,gradient,160.0,3,14.960000,15.830000,30.620000,38.230000
20260405_164056_78136_8321,strip_markov,gradient_160,gradient,160.0,4,14.960000,15.830000,30.580000,38.220000
20260405_164106_78273_6419,strip_markov,gradient_160,gradient,160.0,5,14.960000,15.830000,30.590000,38.210000
20260405_164116_78352_9877,strip_markov_dynamic,gradient_160,gradient,160.0,1,15.860000,18.730000,22.510000,30.630000
20260405_164126_78442_5739,strip_markov_dynamic,gradient_160,gradient,160.0,2,17.490000,20.060000,22.480000,26.440000
20260405_164136_78511_9474,strip_markov_dynamic,gradient_160,gradient,160.0,3,15.230000,16.530000,22.290000,29.120000
20260405_164146_78599_4243,strip_markov_dynamic,gradient_160,gradient,160.0,4,17.130000,20.920000,24.780000,27.450000
20260405_164156_78681_9832,strip_markov_dynamic,gradient_160,gradient,160.0,5,16.320000,18.360000,22.950000,26.570000
20260405_164206_78821_8043,static_strip,gradient_170,gradient,170.0,1,15.300000,25.710000,27.970000,28.480000
20260405_164215_78906_5351,static_strip,gradient_170,gradient,170.0,2,15.300000,25.710000,27.970000,28.480000
20260405_164225_78994_8037,static_strip,gradient_170,gradient,170.0,3,15.300000,25.710000,27.970000,28.480000
20260405_164235_79066_4164,static_strip,gradient_170,gradient,170.0,4,15.300000,25.710000,27.970000,28.480000
20260405_164244_79140_1972,static_strip,gradient_170,gradient,170.0,5,15.300000,25.710000,27.970000,28.480000
20260405_164254_79227_7562,strip_markov,gradient_170,gradient,170.0,1,15.950000,26.130000,28.300000,31.970000
20260405_164304_79366_1457,strip_markov,gradient_170,gradient,170.0,2,15.940000,26.130000,28.300000,31.990000
20260405_164314_79461_5411,strip_markov,gradient_170,gradient,170.0,3,15.960000,26.130000,28.300000,31.980000
20260405_164324_79545_8266,strip_markov,gradient_170,gradient,170.0,4,15.920000,26.130000,28.300000,31.980000
20260405_164335_79617_5096,strip_markov,gradient_170,gradient,170.0,5,15.920000,26.130000,28.300000,31.970000
20260405_164345_79716_3051,strip_markov_dynamic,gradient_170,gradient,170.0,1,15.770000,17.960000,19.820000,27.850000
20260405_164355_79799_5312,strip_markov_dynamic,gradient_170,gradient,170.0,2,15.380000,17.300000,21.470000,26.160000
20260405_164404_79940_6291,strip_markov_dynamic,gradient_170,gradient,170.0,3,15.780000,18.410000,25.310000,31.650000
20260405_164414_80020_3425,strip_markov_dynamic,gradient_170,gradient,170.0,4,15.430000,18.930000,23.240000,28.910000
20260405_164424_80105_2336,strip_markov_dynamic,gradient_170,gradient,170.0,5,15.420000,18.920000,23.220000,28.870000
20260405_164434_80175_3632,static_strip,gradient_180,gradient,180.0,1,15.300000,17.500000,27.040000,28.390000
20260405_164444_80260_9621,static_strip,gradient_180,gradient,180.0,2,15.300000,17.500000,27.040000,28.390000
20260405_164453_80350_6942,static_strip,gradient_180,gradient,180.0,3,15.300000,17.500000,27.030000,28.390000
20260405_164503_80490_8310,static_strip,gradient_180,gradient,180.0,4,15.300000,17.500000,27.040000,28.390000
20260405_164512_80585_1663,static_strip,gradient_180,gradient,180.0,5,15.300000,17.500000,27.040000,28.390000
20260405_164522_80673_8737,strip_markov,gradient_180,gradient,180.0,1,15.840000,18.290000,27.940000,31.890000
20260405_164532_80747_5198,strip_markov,gradient_180,gradient,180.0,2,15.830000,18.280000,27.940000,31.910000
20260405_164542_80836_7934,strip_markov,gradient_180,gradient,180.0,3,15.830000,18.280000,27.930000,31.890000
20260405_164552_80921_3249,strip_markov,gradient_180,gradient,180.0,4,15.830000,18.280000,27.940000,31.910000
20260405_164602_81059_1803,strip_markov,gradient_180,gradient,180.0,5,15.830000,18.290000,27.940000,31.890000
20260405_164612_81145_3388,strip_markov_dynamic,gradient_180,gradient,180.0,1,15.800000,17.960000,21.330000,28.330000
20260405_164622_81228_3450,strip_markov_dynamic,gradient_180,gradient,180.0,2,16.150000,18.510000,21.730000,27.380000
20260405_164632_81304_7837,strip_markov_dynamic,gradient_180,gradient,180.0,3,17.260000,19.090000,22.610000,32.870000
20260405_164642_81379_3397,strip_markov_dynamic,gradient_180,gradient,180.0,4,16.400000,18.950000,22.360000,28.940000
20260405_164652_81477_9972,strip_markov_dynamic,gradient_180,gradient,180.0,5,15.480000,18.650000,22.180000,31.710000
20260405_164702_81627_8187,static_strip,gradient_190,gradient,190.0,1,15.600000,17.360000,18.570000,18.840000
20260405_164712_81702_6551,static_strip,gradient_190,gradient,190.0,2,15.600000,17.360000,18.570000,18.840000
20260405_164721_81777_3301,static_strip,gradient_190,gradient,190.0,3,15.600000,17.360000,18.570000,18.840000
20260405_164730_81867_5765,static_strip,gradient_190,gradient,190.0,4,15.600000,17.360000,18.570000,18.840000
20260405_164739_81941_3034,static_strip,gradient_190,gradient,190.0,5,15.600000,17.360000,18.570000,18.840000
20260405_164748_82028_5952,strip_markov,gradient_190,gradient,190.0,1,16.340000,17.890000,25.500000,34.870000
20260405_164759_82118_3401,strip_markov,gradient_190,gradient,190.0,2,16.340000,17.890000,25.520000,34.900000
20260405_164809_82255_5838,strip_markov,gradient_190,gradient,190.0,3,16.340000,17.890000,25.520000,34.870000
20260405_164819_82333_9564,strip_markov,gradient_190,gradient,190.0,4,16.340000,17.890000,25.500000,34.900000
20260405_164829_82427_6556,strip_markov,gradient_190,gradient,190.0,5,16.350000,17.890000,25.500000,34.860000
20260405_164839_86142_9784,strip_markov_dynamic,gradient_190,gradient,190.0,1,17.150000,19.310000,22.750000,29.350000
20260405_164849_86215_3802,strip_markov_dynamic,gradient_190,gradient,190.0,2,17.310000,18.750000,21.770000,28.240000
20260405_164859_86304_3666,strip_markov_dynamic,gradient_190,gradient,190.0,3,16.470000,19.570000,23.540000,28.410000
20260405_164910_86455_1539,strip_markov_dynamic,gradient_190,gradient,190.0,4,17.760000,19.600000,22.610000,31.660000
20260405_164920_86550_8143,strip_markov_dynamic,gradient_190,gradient,190.0,5,17.140000,18.580000,21.650000,28.250000
20260405_164930_86645_5728,static_strip,gradient_200,gradient,200.0,1,16.610000,17.740000,18.650000,18.860000
20260405_164939_86719_6127,static_strip,gradient_200,gradient,200.0,2,16.610000,17.740000,18.650000,18.860000
20260405_164949_86802_5819,static_strip,gradient_200,gradient,200.0,3,16.610000,17.740000,18.650000,18.860000
20260405_164958_86888_5246,static_strip,gradient_200,gradient,200.0,4,16.610000,17.740000,18.650000,18.860000
20260405_165008_87039_4590,static_strip,gradient_200,gradient,200.0,5,16.610000,17.740000,18.650000,18.860000
20260405_165017_87126_7319,strip_markov,gradient_200,gradient,200.0,1,17.060000,18.220000,28.330000,37.880000
20260405_165027_87219_5233,strip_markov,gradient_200,gradient,200.0,2,17.060000,18.220000,28.370000,37.870000
20260405_165038_87292_3145,strip_markov,gradient_200,gradient,200.0,3,17.060000,18.220000,28.340000,37.870000
20260405_165048_87385_2331,strip_markov,gradient_200,gradient,200.0,4,17.060000,18.220000,28.340000,37.870000
20260405_165058_87485_5090,strip_markov,gradient_200,gradient,200.0,5,17.060000,18.220000,28.310000,37.810000
20260405_165109_87623_9356,strip_markov_dynamic,gradient_200,gradient,200.0,1,19.080000,21.720000,26.120000,35.480000
20260405_165120_87710_1315,strip_markov_dynamic,gradient_200,gradient,200.0,2,20.200000,21.680000,23.810000,34.090000
20260405_165130_87797_6203,strip_markov_dynamic,gradient_200,gradient,200.0,3,19.010000,21.330000,26.080000,33.040000
20260405_165141_87871_1119,strip_markov_dynamic,gradient_200,gradient,200.0,4,17.720000,19.970000,24.830000,31.810000
20260405_165151_87944_2450,strip_markov_dynamic,gradient_200,gradient,200.0,5,19.050000,21.320000,25.600000,32.160000
20260405_165202_88103_2916,static_strip,gradient_210,gradient,210.0,1,16.170000,25.710000,27.970000,28.480000
20260405_165212_88184_7365,static_strip,gradient_210,gradient,210.0,2,16.170000,25.710000,27.970000,28.480000
20260405_165222_88258_5850,static_strip,gradient_210,gradient,210.0,3,16.170000,25.710000,27.970000,28.480000
20260405_165232_89252_3138,static_strip,gradient_210,gradient,210.0,4,16.170000,25.710000,27.970000,28.480000
20260405_165241_89331_6476,static_strip,gradient_210,gradient,210.0,5,16.170000,25.710000,27.970000,28.480000
20260405_165251_89423_6348,strip_markov,gradient_210,gradient,210.0,1,16.330000,25.920000,28.170000,29.680000
20260405_165302_89575_1361,strip_markov,gradient_210,gradient,210.0,2,16.320000,25.920000,28.170000,29.670000
20260405_165312_89651_4905,strip_markov,gradient_210,gradient,210.0,3,16.330000,25.920000,28.170000,29.680000
20260405_165323_89750_5064,strip_markov,gradient_210,gradient,210.0,4,16.330000,25.920000,28.170000,29.670000
20260405_165333_89822_9005,strip_markov,gradient_210,gradient,210.0,5,16.330000,25.920000,28.170000,29.660000
20260405_165343_89902_9795,strip_markov_dynamic,gradient_210,gradient,210.0,1,19.220000,21.710000,27.350000,32.880000
20260405_165354_89999_2430,strip_markov_dynamic,gradient_210,gradient,210.0,2,20.280000,22.260000,25.720000,34.550000
20260405_165405_90147_2112,strip_markov_dynamic,gradient_210,gradient,210.0,3,18.590000,20.480000,25.420000,35.090000
20260405_165415_90239_8017,strip_markov_dynamic,gradient_210,gradient,210.0,4,22.010000,25.780000,29.780000,39.090000
20260405_165427_90327_8111,strip_markov_dynamic,gradient_210,gradient,210.0,5,21.900000,25.800000,29.810000,39.480000
20260405_165438_90403_8827,static_strip,gradient_220,gradient,220.0,1,16.200000,17.500000,27.030000,28.390000
20260405_165447_90495_8677,static_strip,gradient_220,gradient,220.0,2,16.200000,17.500000,27.030000,28.390000
20260405_165457_90592_3760,static_strip,gradient_220,gradient,220.0,3,16.200000,17.500000,27.030000,28.390000
20260405_165507_90734_2479,static_strip,gradient_220,gradient,220.0,4,16.200000,17.500000,27.030000,28.390000
20260405_165517_90807_9450,static_strip,gradient_220,gradient,220.0,5,16.200000,17.500000,27.030000,28.390000
20260405_165527_90894_9687,strip_markov,gradient_220,gradient,220.0,1,16.350000,18.310000,27.590000,29.420000
20260405_165537_90968_7514,strip_markov,gradient_220,gradient,220.0,2,16.350000,18.310000,27.590000,29.420000
20260405_165548_91052_5817,strip_markov,gradient_220,gradient,220.0,3,16.350000,18.310000,27.590000,29.420000
20260405_165558_91137_8396,strip_markov,gradient_220,gradient,220.0,4,16.350000,18.310000,27.600000,29.430000
20260405_165608_91275_6222,strip_markov,gradient_220,gradient,220.0,5,16.350000,18.310000,27.600000,29.420000
20260405_165618_91365_9125,strip_markov_dynamic,gradient_220,gradient,220.0,1,21.600000,25.320000,29.360000,40.090000
20260405_165629_91449_3081,strip_markov_dynamic,gradient_220,gradient,220.0,2,19.330000,23.610000,29.580000,36.180000
20260405_165640_91527_1263,strip_markov_dynamic,gradient_220,gradient,220.0,3,20.960000,23.100000,29.370000,40.080000
20260405_165651_91601_9633,strip_markov_dynamic,gradient_220,gradient,220.0,4,19.090000,21.640000,25.270000,35.610000
20260405_165702_91750_2879,strip_markov_dynamic,gradient_220,gradient,220.0,5,18.660000,22.920000,28.540000,37.540000
20260405_165713_91862_5456,static_strip,gradient_230,gradient,230.0,1,16.380000,17.360000,18.570000,18.840000
20260405_165723_91946_6825,static_strip,gradient_230,gradient,230.0,2,16.380000,17.360000,18.570000,18.840000
20260405_165732_92022_1302,static_strip,gradient_230,gradient,230.0,3,16.380000,17.360000,18.570000,18.840000
20260405_165742_92109_7945,static_strip,gradient_230,gradient,230.0,4,16.370000,17.360000,18.570000,18.840000
20260405_165752_92179_4598,static_strip,gradient_230,gradient,230.0,5,16.380000,17.360000,18.570000,18.840000
20260405_165801_92306_9917,strip_markov,gradient_230,gradient,230.0,1,16.580000,17.900000,23.320000,30.710000
20260405_165812_92394_8600,strip_markov,gradient_230,gradient,230.0,2,16.580000,17.900000,23.340000,30.740000
20260405_165822_92465_9509,strip_markov,gradient_230,gradient,230.0,3,16.580000,17.900000,23.310000,30.730000
20260405_165832_92549_6691,strip_markov,gradient_230,gradient,230.0,4,16.580000,17.900000,23.330000,30.730000
20260405_165843_92621_4566,strip_markov,gradient_230,gradient,230.0,5,16.580000,17.900000,23.330000,30.750000
20260405_165853_92708_9620,strip_markov_dynamic,gradient_230,gradient,230.0,1,18.710000,21.760000,29.800000,37.050000
20260405_165904_92844_8738,strip_markov_dynamic,gradient_230,gradient,230.0,2,19.320000,21.640000,25.730000,35.710000
20260405_165915_92917_2534,strip_markov_dynamic,gradient_230,gradient,230.0,3,22.180000,26.070000,29.670000,39.670000
20260405_165926_93000_9579,strip_markov_dynamic,gradient_230,gradient,230.0,4,20.690000,22.580000,29.300000,41.960000
20260405_165937_93085_9712,strip_markov_dynamic,gradient_230,gradient,230.0,5,22.220000,25.260000,29.150000,39.030000
20260405_165948_93172_2872,static_strip,gradient_240,gradient,240.0,1,16.780000,17.740000,18.650000,18.860000
20260405_165958_93259_7081,static_strip,gradient_240,gradient,240.0,2,16.780000,17.740000,18.650000,18.860000
20260405_170008_93402_7171,static_strip,gradient_240,gradient,240.0,3,16.770000,17.740000,18.650000,18.860000
20260405_170018_93472_1737,static_strip,gradient_240,gradient,240.0,4,16.780000,17.740000,18.650000,18.860000
20260405_170028_93559_7354,static_strip,gradient_240,gradient,240.0,5,16.780000,17.740000,18.650000,18.860000
20260405_170038_93647_1452,strip_markov,gradient_240,gradient,240.0,1,17.000000,18.210000,25.680000,36.740000
20260405_170049_93723_3070,strip_markov,gradient_240,gradient,240.0,2,17.000000,18.210000,25.690000,36.700000
20260405_170059_93808_8673,strip_markov,gradient_240,gradient,240.0,3,17.000000,18.210000,25.700000,36.690000
20260405_170110_93948_6837,strip_markov,gradient_240,gradient,240.0,4,17.000000,18.210000,25.680000,36.640000
20260405_170121_94019_9513,strip_markov,gradient_240,gradient,240.0,5,17.000000,18.210000,25.650000,36.660000
20260405_170132_94104_6142,strip_markov_dynamic,gradient_240,gradient,240.0,1,21.210000,23.570000,26.590000,38.100000
20260405_170143_94187_3791,strip_markov_dynamic,gradient_240,gradient,240.0,2,20.870000,24.230000,28.070000,38.970000
20260405_170155_94276_6749,strip_markov_dynamic,gradient_240,gradient,240.0,3,22.300000,25.580000,29.620000,41.970000
20260405_170206_94412_9551,strip_markov_dynamic,gradient_240,gradient,240.0,4,21.120000,24.490000,29.450000,38.440000
20260405_170218_94483_7191,strip_markov_dynamic,gradient_240,gradient,240.0,5,22.460000,26.440000,30.450000,41.930000
